,pitches,player_id,player_name,total_pitches,pitch_percent,xwoba,xba,abs,launch_speed,launch_angle,spin_rate,velocity,effective_speed,whiffs,swings,takes,eff_min_vel,release_extension,vertical_release_point_ft,horizontal_release_point_ft
0,311,571760,"Heaney, Andrew",2330,13.3,0.121,0.105,307,86.8,20.3,2371,87.1,86.59,105,292,19,-0.5,6.13,3.42,-3.42
1,444,640455,"Manaea, Sean",2980,14.9,0.137,0.128,442,86.7,13.0,1822,88.9,90.37,141,416,28,1.5,7.2,3.31,-3.31
2,359,518516,"Bumgarner, Madison",2294,15.6,0.136,0.115,349,85.1,20.3,2302,85.3,85.29,83,332,27,0.0,6.54,3.31,-3.31
3,395,669373,"Skubal, Tarik",2547,15.5,0.173,0.15,390,87.0,14.6,2052,90.5,90.04,130,371,24,-0.5,6.23,2.99,-2.99
4,378,642232,"Yarbrough, Ryan",2488,15.2,0.157,0.149,371,80.3,17.5,2101,78.9,78.46,84,361,17,-0.4,6.65,2.92,-2.92
5,29,608718,"Suter, Brent",1221,2.4,0.099,0.098,28,78.4,-6.9,2114,85.6,87.15,10,27,2,1.5,7.16,2.83,-2.83
6,136,456034,"Price, David",1178,11.5,0.157,0.147,132,82.2,5.8,1915,89.7,89.34,29,130,6,-0.4,5.95,2.79,-2.79
7,222,676596,"Fleming, Josh",1629,13.6,0.159,0.15,218,82.7,-1.2,1755,87.0,87.22,50,216,6,0.2,6.47,2.59,-2.59
8,166,621368,"Hearn, Taylor",1726,9.6,0.172,0.155,161,85.6,16.7,2175,91.3,90.71,35,154,12,-0.6,6.26,2.53,-2.53
9,459,592662,"Ray, Robbie",3141,14.6,0.124,0.108,457,88.1,20.4,2220,92.4,92.56,162,423,36,0.2,6.43,2.53,-2.53
10,185,624133,"Suárez, Ranger",1614,11.5,0.134,0.131,183,83.3,4.1,1787,90.8,90.52,41,166,19,-0.3,6.17,2.47,-2.47
11,366,452657,"Lester, Jon",2380,15.4,0.149,0.14,356,84.1,7.5,2108,85.4,85.85,55,337,29,0.5,6.43,2.46,-2.46
12,347,594835,"Gonzales, Marco",2324,14.9,0.162,0.145,344,83.8,20.9,2173,83.5,83.66,75,330,17,0.2,6.38,2.45,-2.45
13,235,669211,"Akin, Keegan",1768,13.3,0.165,0.138,232,87.3,18.8,2246,88.2,87.38,54,216,19,-0.8,5.91,2.42,-2.42
14,226,660761,"Suarez, José",1650,13.7,0.161,0.151,224,84.1,7.9,2068,85.7,85.37,59,217,9,-0.3,6.19,2.41,-2.41
15,428,542881,"Anderson, Tyler",2602,16.4,0.156,0.14,413,81.5,18.4,2224,86.3,85.66,103,415,13,-0.6,5.97,2.38,-2.38
16,121,500779,"Quintana, José",1240,9.8,0.114,0.104,119,85.0,13.0,1979,87.8,87.31,47,108,13,-0.5,6.53,2.29,-2.29
17,189,571510,"Boyd, Matthew",1273,14.8,0.141,0.129,185,84.2,19.3,2229,85.6,85.37,45,176,13,-0.2,6.22,2.25,-2.25
18,412,547943,"Ryu, Hyun Jin",2689,15.3,0.156,0.138,409,86.0,10.9,1891,84.2,84.28,89,374,38,0.1,6.48,2.24,-2.24
19,420,571578,"Corbin, Patrick",2750,15.3,0.169,0.157,406,83.7,5.4,2142,87.3,88.12,103,398,22,0.8,6.75,2.23,-2.23
20,234,666200,"Luzardo, Jesús",1727,13.5,0.151,0.138,228,86.9,14.5,2169,89.9,87.76,67,219,15,-2.1,5.57,2.22,-2.22
21,271,663465,"Allard, Kolby",2054,13.2,0.146,0.133,269,85.7,15.8,2012,87.5,87.21,57,254,17,-0.3,6.08,2.19,-2.19
22,385,579328,"Kikuchi, Yusei",2562,15.0,0.156,0.14,383,88.5,5.8,2187,89.5,90.36,113,361,24,0.9,6.68,2.19,-2.19
23,346,669432,"Rogers, Trevor",2169,16.0,0.128,0.121,338,83.6,12.0,2003,90.4,90.88,108,315,31,0.5,6.66,2.17,-2.17
24,347,607074,"Rodón, Carlos",2219,15.6,0.096,0.09,341,86.1,21.2,2310,91.3,90.97,131,313,34,-0.3,6.07,2.11,-2.11
25,211,641302,"Alexander, Tyler",1640,12.9,0.137,0.128,208,85.5,21.8,2096,86.6,86.73,43,195,16,0.1,6.25,2.06,-2.06
26,352,622072,"Wood, Alex",2195,16.0,0.144,0.136,351,87.5,6.9,2015,87.1,86.06,103,325,27,-1.0,6.24,2.05,-2.05
27,335,605483,"Snell, Blake",2347,14.3,0.153,0.128,331,85.5,11.0,2349,90.2,90.83,119,301,34,0.6,6.77,1.94,-1.94
28,391,571927,"Matz, Steven",2557,15.3,0.14,0.133,390,85.1,7.5,2217,88.9,89.24,91,352,39,0.3,6.47,1.9,-1.9
29,332,592767,"Smyly, Drew",2139,15.5,0.148,0.135,324,84.0,15.3,2078,85.6,84.8,92,313,19,-0.8,5.73,1.9,-1.9
30,293,596295,"Gomber, Austin",1851,15.8,0.137,0.131,289,84.3,11.9,2114,85.7,85.69,72,267,26,0.0,6.67,1.89,-1.89
31,141,656529,"Hentges, Sam",1260,11.2,0.156,0.138,138,86.5,10.1,2270,88.1,88.78,31,130,11,0.7,6.7,1.86,-1.86
32,394,457918,"Happ, J.A.",2674,14.7,0.176,0.145,390,87.7,18.1,2163,88.8,88.5,82,367,27,-0.3,6.07,1.84,-1.84
33,301,607536,"Freeland, Kyle",1886,16.0,0.131,0.12,297,84.6,11.0,2279,86.9,87.66,66,274,27,0.8,6.51,1.81,-1.81
34,291,641778,"Lauer, Eric",1956,14.9,0.154,0.134,283,86.0,17.3,2221,88.5,83.92,73,269,22,-4.6,6.0,1.8,-1.8
35,380,489119,"Miley, Wade",2592,14.7,0.146,0.135,370,79.7,1.9,2133,85.2,84.89,76,353,27,-0.3,6.1,1.78,-1.78
36,228,677960,"Weathers, Ryan",1617,14.1,0.172,0.157,223,85.7,11.1,2092,91.3,90.46,42,210,18,-0.8,5.74,1.77,-1.77
37,197,663776,"Sandoval, Patrick",1444,13.6,0.123,0.116,195,81.8,4.5,2013,88.0,87.23,62,187,10,-0.8,6.03,1.76,-1.76
38,408,593958,"Rodriguez, Eduardo",2721,15.0,0.117,0.111,404,82.7,11.2,2071,88.9,88.54,113,349,59,-0.4,6.08,1.75,-1.75
39,411,656756,"Montgomery, Jordan",2570,16.0,0.141,0.132,403,85.2,13.5,2085,85.4,85.73,131,396,15,0.3,6.58,1.72,-1.72
40,418,448179,"Hill, Rich",2496,16.7,0.149,0.131,410,83.8,18.3,2501,79.3,78.69,98,381,37,-0.6,6.2,1.69,-1.69
41,435,608344,"Irvin, Cole",2682,16.2,0.186,0.164,429,86.5,16.9,1845,87.5,87.0,71,408,27,-0.5,6.22,1.67,-1.67
42,45,606424,"García, Jarlín",1002,4.5,0.181,0.161,42,83.9,10.6,2189,88.7,89.08,8,39,6,0.4,6.44,1.67,-1.67
43,202,592761,"Smith, Caleb",2067,9.8,0.121,0.106,201,84.5,27.3,2347,86.6,85.54,49,179,23,-1.1,5.69,1.66,-1.66
44,468,628711,"Urías, Julio",2786,16.8,0.13,0.118,459,82.1,16.0,2507,88.2,87.26,127,426,42,-0.9,5.64,1.57,-1.57
45,258,547942,"Kim, Kwang Hyun",1784,14.5,0.143,0.134,254,83.7,7.4,2056,84.5,85.0,57,245,13,0.5,6.7,1.57,-1.57
46,174,519043,"Moore, Matt",1254,13.9,0.151,0.133,166,83.0,17.0,2179,88.5,88.17,37,160,14,-0.3,6.18,1.56,-1.56
47,213,641482,"Cortes, Nestor",1524,14.0,0.119,0.107,211,85.4,28.2,2232,87.1,86.6,53,189,24,-0.5,5.93,1.5,-1.5
48,293,477132,"Kershaw, Clayton",1806,16.2,0.11,0.104,290,83.3,8.2,2587,86.3,86.33,98,275,18,0.0,6.3,1.47,-1.47
49,256,474463,"Anderson, Brett",1508,17.0,0.203,0.184,246,86.2,-1.2,1702,85.4,81.24,38,241,15,-4.2,5.9,1.42,-1.42
50,295,663460,"Bubic, Kris",2202,13.4,0.149,0.138,292,85.0,8.9,1970,85.2,85.46,77,276,19,0.3,6.58,1.4,-1.4
51,397,572971,"Keuchel, Dallas",2726,14.6,0.199,0.185,397,84.6,1.7,1943,84.0,83.62,58,379,18,-0.4,6.05,1.36,-1.36
52,205,656954,"Sheffield, Justus",1470,13.9,0.182,0.16,200,87.7,11.6,2226,86.8,85.82,45,196,9,-1.0,5.85,1.32,-1.32
53,386,608331,"Fried, Max",2558,15.1,0.14,0.132,380,81.7,0.8,2322,87.6,87.79,104,357,29,0.2,6.32,1.28,-1.28
54,261,527048,"Pérez, Martín",1860,14.0,0.172,0.151,256,86.4,9.3,2031,89.6,88.92,37,219,42,-0.7,5.83,1.19,-1.19
55,310,664285,"Valdez, Framber",2090,14.8,0.156,0.15,308,89.2,-8.5,2344,86.7,85.19,83,290,20,-1.5,5.86,1.12,-1.12
56,172,663738,"Lynch, Daniel",1257,13.7,0.166,0.137,167,86.1,14.5,2027,89.7,90.28,38,161,11,0.6,6.56,1.0,-1.0
57,168,656849,"Peterson, David",1122,15.0,0.157,0.15,166,85.4,4.2,2101,88.9,90.1,45,151,17,1.2,7.1,0.86,-0.86
58,172,669145,"Zimmermann, Bruce",1105,15.6,0.167,0.15,169,87.0,14.3,2289,86.9,86.27,43,164,8,-0.6,6.23,0.79,-0.79
59,399,501985,"Minor, Mike",2621,15.2,0.135,0.121,395,84.6,16.9,2522,87.5,86.59,93,363,36,-0.9,5.59,0.79,-0.79
60,154,518633,"Duffy, Danny",1009,15.3,0.147,0.13,154,87.1,22.3,2334,89.2,89.97,43,140,14,0.8,6.76,0.76,-0.76
61,331,663556,"McClanahan, Shane",1954,16.9,0.159,0.139,329,88.3,7.9,2373,90.9,91.74,109,306,25,0.8,6.79,0.71,-0.71
62,357,607644,"Means, John",2328,15.3,0.155,0.137,354,84.4,21.9,2333,86.9,86.46,86,331,26,-0.4,6.14,0.45,-0.45
63,45,476595,"Luetge, Lucas",1241,3.6,0.131,0.118,45,84.2,16.3,2624,82.8,82.72,13,41,4,-0.1,6.22,0.43,-0.43
64,356,543243,"Gray, Sonny",2228,16.0,0.115,0.115,353,83.5,8.7,2451,88.3,88.58,73,289,67,0.3,6.5,-0.57,0.57
65,282,650644,"Civale, Aaron",1909,14.8,0.165,0.156,278,84.4,11.0,2440,86.0,85.36,55,258,24,-0.6,5.73,-0.68,0.68
66,209,643377,"Jax, Griffin",1394,15.0,0.165,0.133,205,87.8,23.4,2459,88.0,87.38,44,195,14,-0.6,5.84,-0.69,0.69
67,423,623167,"Flexen, Chris",2811,15.0,0.163,0.144,416,87.3,13.6,2103,87.7,87.2,70,394,29,-0.5,5.97,-0.76,0.76
68,343,668676,"Plesac, Zach",2205,15.6,0.155,0.142,339,87.5,14.1,1895,87.8,87.83,69,326,17,0.0,6.17,-0.76,0.76
69,397,669203,"Burnes, Corbin",2594,15.3,0.098,0.092,394,83.1,9.5,2739,92.0,92.45,139,345,52,0.4,6.4,-0.78,0.78
70,173,672578,"Hernández, Carlos",1434,12.1,0.186,0.162,172,89.7,18.2,2216,91.7,92.65,41,166,7,1.0,6.79,-0.79,0.79
71,239,669212,"Morgan, Eli",1414,16.9,0.17,0.15,236,85.9,20.9,2176,84.4,84.29,59,224,15,-0.1,6.11,-0.82,0.82
72,466,621111,"Buehler, Walker",3152,14.8,0.131,0.123,456,84.3,8.4,2547,90.7,90.65,122,421,45,-0.1,6.38,-0.9,0.9
73,416,543475,"Lyles, Jordan",2964,14.0,0.165,0.148,408,86.4,15.4,2409,87.6,88.26,96,390,26,0.7,6.72,-0.92,0.92
74,174,596133,"Weaver, Luke",1109,15.7,0.177,0.153,170,85.8,11.2,2218,90.3,89.73,43,162,12,-0.6,5.95,-0.97,0.97
75,438,573186,"Stroman, Marcus",2741,16.0,0.187,0.17,426,85.3,2.7,2317,88.7,88.29,96,399,39,-0.4,5.83,-1.06,1.06
76,135,656876,"Rasmussen, Drew",1202,11.2,0.172,0.165,134,89.3,6.5,2466,92.7,93.11,24,124,11,0.4,6.51,-1.11,1.11
77,240,660623,"Ynoa, Huascar",1482,16.2,0.133,0.126,237,85.8,5.0,2283,90.5,90.32,67,214,26,-0.2,6.11,-1.11,1.11
78,215,594798,"deGrom, Jacob",1226,17.5,0.093,0.082,214,83.8,16.4,2426,95.8,97.02,102,198,17,1.2,6.89,-1.11,1.11
79,448,593423,"Montas, Frankie",3028,14.8,0.134,0.121,443,86.4,11.9,2183,93.1,92.22,144,425,23,-0.9,5.96,-1.16,1.16
80,449,425794,"Wainwright, Adam",3068,14.6,0.169,0.163,445,86.1,7.3,2450,82.8,82.54,76,397,52,-0.3,6.49,-1.18,1.18
81,138,676840,"Peacock, Matt",1323,10.4,0.146,0.144,136,85.2,-0.4,2196,91.2,81.2,25,135,3,-10.0,5.34,-1.2,1.2
82,283,543606,"Odorizzi, Jake",1847,15.3,0.154,0.133,278,86.1,19.1,1898,88.1,86.89,77,274,9,-1.2,6.07,-1.2,1.2
83,320,663903,"Singer, Brady",2287,14.0,0.138,0.129,317,84.9,7.1,2334,89.6,90.12,87,291,29,0.5,6.53,-1.2,1.2
84,237,503449,"Peralta, Wily",1554,15.3,0.164,0.152,230,85.8,5.5,1591,87.8,87.15,44,230,7,-0.7,5.74,-1.2,1.2
85,267,548389,"Stripling, Ross",1686,15.8,0.158,0.133,263,86.5,18.5,2151,87.9,87.54,67,251,16,-0.4,6.02,-1.21,1.21
86,218,669456,"Bieber, Shane",1559,14.0,0.121,0.118,217,86.2,8.6,2407,87.2,86.9,77,196,22,-0.3,6.55,-1.21,1.21
87,368,605135,"Bassitt, Chris",2381,15.5,0.128,0.119,365,85.7,14.8,2202,87.1,87.19,107,345,23,0.1,6.34,-1.24,1.24
88,182,605507,"Thompson, Zach",1194,15.2,0.146,0.139,180,86.3,12.1,2340,86.5,86.6,44,174,8,0.1,6.32,-1.25,1.25
89,393,425844,"Greinke, Zack",2577,15.3,0.167,0.156,386,85.1,9.0,2133,84.2,83.54,66,364,29,-0.7,5.93,-1.25,1.25
90,61,468504,"Chacín, Jhoulys",1070,5.7,0.151,0.143,59,82.6,4.0,2274,87.1,86.89,7,55,6,-0.2,5.92,-1.3,1.3
91,349,605288,"Houser, Adrian",2352,14.8,0.141,0.138,342,83.0,-1.8,2045,90.9,91.39,64,325,24,0.5,6.53,-1.32,1.32
92,447,605397,"Musgrove, Joe",2938,15.2,0.131,0.126,439,85.1,10.7,2696,86.7,86.03,134,407,40,-0.7,5.9,-1.33,1.33
93,46,448855,"Guerra, Junior",1225,3.8,0.122,0.118,46,83.0,7.9,1962,88.7,88.79,13,43,3,0.1,6.41,-1.33,1.33
94,268,502179,"Espino, Paolo",1735,15.4,0.143,0.134,261,83.9,17.4,2485,82.0,82.17,61,249,19,0.2,6.52,-1.33,1.33
95,310,615698,"Quantrill, Cal",2357,13.2,0.128,0.123,305,83.0,12.9,2038,90.6,91.24,49,272,38,0.6,6.48,-1.35,1.35
96,83,429722,"Santana, Ervin",1063,7.8,0.19,0.177,82,87.2,16.6,2248,88.5,88.25,20,80,3,-0.2,6.03,-1.37,1.37
97,333,641745,"Keller, Brad",2348,14.2,0.177,0.153,323,87.9,7.8,2368,91.0,90.1,78,302,31,-0.9,5.85,-1.38,1.38
98,244,656731,"Megill, Tylor",1554,15.7,0.109,0.096,240,85.0,13.0,1984,90.1,91.66,80,231,13,1.6,7.2,-1.39,1.39
99,139,656546,"Hoffman, Jeff",1360,10.2,0.164,0.151,136,86.4,16.5,2340,88.9,89.11,36,133,6,0.2,6.48,-1.41,1.41
100,60,500610,"Guerra, Deolis",1086,5.5,0.137,0.123,60,86.9,24.4,2046,85.3,86.52,16,54,6,1.2,7.15,-1.42,1.42
101,243,592826,"Velasquez, Vince",1750,13.9,0.136,0.12,242,87.3,21.6,2268,89.5,89.89,61,221,22,0.4,6.5,-1.43,1.43
102,425,605540,"Woodruff, Brandon",2810,15.1,0.129,0.119,418,83.5,9.5,2364,92.4,92.27,131,380,45,-0.1,6.46,-1.43,1.43
103,266,664353,"Urquidy, José",1631,16.3,0.158,0.14,263,85.7,22.7,2220,87.7,87.23,68,259,7,-0.5,6.02,-1.47,1.47
104,67,592644,"Plutko, Adam",1014,6.6,0.129,0.124,65,87.5,17.9,2342,89.0,88.65,18,62,5,-0.4,6.08,-1.52,1.52
105,353,607200,"Fedde, Erick",2410,14.6,0.151,0.14,340,84.3,2.3,1993,88.7,89.24,85,320,33,0.5,6.7,-1.52,1.52
106,315,608379,"Wacha, Michael",1974,16.0,0.165,0.149,310,87.3,13.6,1879,90.1,90.73,90,300,15,0.6,6.76,-1.54,1.54
107,325,666120,"Anderson, Ian",2175,14.9,0.136,0.13,319,83.4,6.2,1888,90.3,91.13,89,299,26,0.8,6.91,-1.54,1.54
108,425,608337,"Giolito, Lucas",2970,14.3,0.129,0.116,421,84.5,19.4,1922,86.8,87.59,140,398,27,0.8,6.69,-1.56,1.56
109,378,592791,"Taillon, Jameson",2372,15.9,0.135,0.116,372,85.7,22.2,2463,90.3,90.96,108,359,19,0.7,6.69,-1.56,1.56
110,53,608335,"Funkhouser, Kyle",1189,4.5,0.133,0.137,52,84.0,-1.8,2159,92.8,93.38,15,50,3,0.6,6.56,-1.58,1.58
111,25,608717,"Stratton, Chris",1374,1.8,0.083,0.083,24,88.1,24.5,2711,88.8,89.32,6,21,4,0.5,6.52,-1.59,1.59
112,412,506433,"Darvish, Yu",2769,14.9,0.109,0.101,408,85.1,16.9,2578,87.3,87.0,125,367,45,-0.3,6.26,-1.6,1.6
113,152,664299,"Javier, Cristian",1792,8.5,0.125,0.109,150,88.8,26.6,2419,88.2,87.66,55,136,16,-0.5,5.99,-1.6,1.6
114,200,607192,"Glasnow, Tyler",1339,14.9,0.109,0.097,200,88.3,13.5,2656,91.1,92.69,78,180,20,1.6,7.33,-1.61,1.61
115,457,554430,"Wheeler, Zack",3205,14.3,0.123,0.119,448,81.1,5.6,2363,94.2,95.27,121,399,58,1.1,7.16,-1.61,1.61
116,161,656288,"Canning, Griffin",1080,14.9,0.131,0.121,160,85.5,20.2,2311,89.9,88.52,40,147,14,-1.4,5.81,-1.63,1.63
117,275,656605,"Keller, Mitch",1858,14.8,0.149,0.139,268,87.4,10.8,2377,89.7,89.48,63,251,24,-0.2,6.09,-1.63,1.63
118,401,621121,"McCullers Jr., Lance",2788,14.4,0.129,0.124,399,88.0,3.4,2491,88.4,87.74,119,366,35,-0.7,5.96,-1.64,1.64
119,443,656302,"Cease, Dylan",2957,15.0,0.127,0.103,435,86.2,21.0,2638,89.8,88.97,158,397,46,-0.8,6.03,-1.64,1.64
120,390,677651,"Garcia, Luis",2502,15.6,0.138,0.124,383,84.1,16.1,2312,87.1,86.97,122,362,28,-0.1,6.19,-1.65,1.65
121,121,642092,"Smith, Riley",1071,11.3,0.19,0.178,118,87.2,6.3,2153,88.2,88.24,9,114,7,0.0,6.36,-1.65,1.65
122,379,518876,"Kelly, Merrill",2425,15.6,0.154,0.15,369,84.5,12.2,2307,88.6,88.54,75,349,30,-0.1,6.28,-1.68,1.68
123,248,545333,"Bauer, Trevor",1787,13.9,0.124,0.114,247,87.6,20.5,2809,88.1,82.47,77,213,35,-5.6,6.42,-1.69,1.69
124,237,593334,"Germán, Domingo",1579,15.0,0.149,0.134,236,86.3,18.7,2460,88.4,88.01,59,221,16,-0.4,6.11,-1.7,1.7
125,43,572955,"Johnson, Pierce",1045,4.1,0.086,0.078,42,85.7,18.9,2737,87.0,86.23,17,39,4,-0.8,5.76,-1.7,1.7
126,408,601713,"Pivetta, Nick",2745,14.9,0.13,0.119,403,86.7,18.3,2395,88.7,88.99,112,364,44,0.3,6.57,-1.7,1.7
127,60,664208,"Maton, Phil",1174,5.1,0.088,0.079,58,86.8,10.8,2663,85.7,87.18,24,51,9,1.5,7.13,-1.73,1.73
128,304,605347,"López, Jorge",2166,14.0,0.15,0.145,300,86.0,5.7,2007,91.4,91.53,61,265,39,0.1,6.37,-1.75,1.75
129,408,543101,"DeSclafani, Anthony",2558,15.9,0.144,0.131,402,84.9,8.7,2108,90.3,90.26,94,376,32,0.0,6.56,-1.76,1.76
130,429,608566,"Márquez, Germán",2788,15.4,0.14,0.138,424,84.7,1.5,2335,90.3,89.26,118,404,25,-1.0,5.33,-1.78,1.78
131,249,592346,"González, Chi Chi",1635,15.2,0.19,0.172,245,85.7,9.6,2325,88.5,87.56,32,230,19,-0.9,5.86,-1.81,1.81
132,320,640444,"Crowe, Wil",2171,14.7,0.135,0.13,316,85.1,12.1,2345,87.9,88.3,82,296,24,0.4,6.42,-1.81,1.81
133,296,640470,"Alzolay, Adbert",1955,15.1,0.147,0.137,290,84.8,6.5,2386,89.7,89.93,69,263,33,0.2,6.28,-1.81,1.81
134,443,605400,"Nola, Aaron",2971,14.9,0.105,0.097,438,85.1,14.2,2168,86.4,87.07,144,394,49,0.7,6.81,-1.82,1.82
135,391,605200,"Davies, Zach",2577,15.2,0.177,0.166,382,84.6,10.2,1915,83.0,82.84,79,363,28,-0.2,6.15,-1.82,1.82
136,465,641816,"Mahle, Tyler",3196,14.5,0.109,0.107,454,83.2,9.7,2284,90.9,91.06,144,411,54,0.2,6.6,-1.82,1.82
137,255,641927,"Ober, Bailey",1476,17.3,0.144,0.125,253,86.0,21.1,2143,87.7,89.61,78,238,17,1.9,7.35,-1.84,1.84
138,234,570632,"Ureña, José",1695,13.8,0.211,0.191,233,88.6,8.8,2097,91.6,91.67,43,227,7,0.1,6.32,-1.85,1.85
139,296,663474,"McKenzie, Triston",1975,15.0,0.139,0.127,296,87.5,23.8,2224,88.8,89.69,97,277,19,0.9,6.78,-1.85,1.85
140,188,680686,"Gray, Josiah",1213,15.5,0.117,0.103,181,83.5,20.2,2264,89.9,88.8,57,179,9,-1.1,5.49,-1.87,1.87
141,393,592836,"Walker, Taijuan",2547,15.4,0.155,0.139,388,85.7,11.9,2090,91.1,90.1,86,352,41,-1.0,6.01,-1.87,1.87
142,194,446372,"Kluber, Corey",1338,14.5,0.12,0.114,190,82.8,15.6,2266,86.0,86.32,53,171,23,0.3,6.48,-1.88,1.88
143,352,657277,"Webb, Logan",2214,15.9,0.136,0.132,346,85.1,-3.4,2101,87.6,87.91,111,324,28,0.3,6.75,-1.89,1.89
144,141,533167,"Shoemaker, Matt",1064,13.3,0.159,0.133,136,83.9,10.1,1714,86.3,85.95,30,139,2,-0.3,6.11,-1.89,1.89
145,235,666159,"Manning, Matt",1421,16.5,0.182,0.171,231,88.3,11.3,2006,89.6,90.61,39,220,15,1.0,6.86,-1.89,1.89
146,312,660271,"Ohtani, Shohei",2027,15.4,0.122,0.114,308,85.2,11.8,2021,89.0,89.74,104,289,23,0.7,6.8,-1.93,1.93
147,196,672715,"Patiño, Luis",1365,14.4,0.155,0.132,193,87.8,24.9,2432,92.5,93.18,51,188,8,0.7,6.77,-1.95,1.95
148,428,543037,"Cole, Gerrit",2969,14.4,0.127,0.109,423,86.8,14.2,2405,92.3,92.36,139,377,51,0.1,6.52,-1.96,1.96
149,385,592351,"Gray, Jon",2537,15.2,0.122,0.117,380,84.8,8.2,2262,89.8,90.28,102,342,43,0.5,6.38,-1.97,1.97
150,377,663554,"Mize, Casey",2357,16.0,0.167,0.144,372,86.2,8.5,2050,89.7,90.4,77,351,26,0.7,6.87,-1.98,1.98
151,52,605242,"Fulmer, Michael",1183,4.4,0.137,0.13,52,84.1,9.3,2160,92.2,92.62,9,49,3,0.4,6.62,-1.99,1.99
152,205,593372,"Martínez, Carlos",1281,16.0,0.196,0.171,202,84.9,6.2,2020,88.1,87.14,40,194,11,-1.0,5.6,-2.0,2.0
153,234,502171,"Cobb, Alex",1579,14.8,0.155,0.155,231,86.6,-0.2,1912,89.7,88.92,53,204,30,-0.8,5.81,-2.01,2.01
154,229,592866,"Williams, Trevor",1537,14.9,0.134,0.127,225,84.1,9.0,2155,88.0,88.76,59,209,20,0.8,6.82,-2.03,2.03
155,70,663986,"Stephan, Trevor",1210,5.8,0.154,0.134,70,86.1,12.4,2350,90.3,90.97,24,66,4,0.7,6.61,-2.05,2.05
156,233,605164,"Bundy, Dylan",1524,15.3,0.147,0.133,228,84.9,14.2,2356,85.9,85.0,48,207,26,-0.9,5.91,-2.06,2.06
157,458,450203,"Morton, Charlie",2987,15.3,0.135,0.122,447,85.1,4.6,2656,88.0,87.58,129,409,49,-0.4,6.27,-2.06,2.06
158,323,592314,"Foltynewicz, Mike",2236,14.4,0.141,0.129,317,86.1,17.4,2184,89.1,88.4,50,291,32,-0.7,6.14,-2.08,2.08
159,419,502043,"Gibson, Kyle",2881,14.5,0.149,0.143,414,87.1,5.4,2204,88.4,88.78,86,382,37,0.4,6.64,-2.08,2.08
160,288,661269,"Gutierrez, Vladimir",1831,15.7,0.144,0.132,280,85.4,11.9,2196,86.4,86.7,57,275,13,0.3,6.52,-2.08,2.08
161,63,621249,"Underwood Jr., Duane",1177,5.4,0.155,0.135,62,86.9,-2.4,2055,88.4,88.81,17,58,5,0.4,6.52,-2.09,2.09
162,320,669302,"Gilbert, Logan",2125,15.1,0.141,0.119,315,86.0,21.6,2197,90.7,92.37,103,302,18,1.7,7.44,-2.09,2.09
163,455,543135,"Eovaldi, Nathan",2927,15.5,0.136,0.125,452,85.7,15.4,2042,89.8,90.51,126,414,41,0.7,6.69,-2.11,2.11
164,436,543294,"Hendricks, Kyle",2809,15.5,0.163,0.16,428,82.5,9.7,2021,83.5,81.66,74,399,37,-1.8,5.78,-2.11,2.11
165,312,641540,"Dunning, Dane",1909,16.3,0.156,0.149,310,85.5,4.8,2048,86.7,86.74,75,281,31,0.0,6.51,-2.12,2.12
166,173,641771,"Kuhl, Chad",1436,12.0,0.128,0.124,169,86.1,9.2,2317,89.0,87.16,46,163,10,-1.8,6.59,-2.13,2.13
167,244,641154,"López, Pablo",1669,14.6,0.124,0.115,241,84.4,9.4,2070,90.6,91.28,84,228,16,0.7,6.76,-2.17,2.17
168,51,656629,"Kopech, Michael",1154,4.4,0.087,0.076,50,89.0,15.9,2511,91.9,92.36,22,44,7,0.5,6.54,-2.18,2.18
169,353,518774,"Harvey, Matt",2232,15.8,0.178,0.159,349,86.9,13.5,2174,89.4,88.53,63,323,30,-0.9,6.05,-2.22,2.22
170,284,628317,"Maeda, Kenta",1775,16.0,0.115,0.109,282,84.2,16.1,2078,84.9,84.08,88,265,19,-0.8,5.88,-2.27,2.27
171,283,501381,"Pineda, Michael",1707,16.6,0.174,0.163,279,88.2,16.2,1914,86.8,86.32,67,269,14,-0.5,6.25,-2.34,2.34
172,447,645261,"Alcantara, Sandy",3095,14.4,0.131,0.129,440,84.0,1.0,2233,94.7,93.99,130,427,20,-0.7,5.97,-2.34,2.34
173,78,622503,"Crismatt, Nabil",1337,5.8,0.128,0.125,76,81.6,6.9,1721,82.8,83.92,18,73,5,1.1,7.06,-2.35,2.35
174,308,572070,"Richards, Garrett",2331,13.2,0.168,0.158,304,88.0,10.7,2593,90.8,90.35,70,289,19,-0.4,5.96,-2.38,2.38
175,31,608723,"Voth, Austin",1021,3.0,0.103,0.106,30,82.8,9.9,2585,88.2,87.82,12,30,1,-0.4,6.15,-2.42,2.42
176,334,664141,"Brubaker, JT",1944,17.2,0.142,0.135,328,84.2,10.3,2426,89.7,88.84,77,292,42,-0.9,5.89,-2.42,2.42
177,149,663765,"Woodford, Jake",1156,12.9,0.156,0.146,144,87.7,15.0,2211,87.2,87.34,27,139,10,0.1,6.34,-2.44,2.44
178,250,621107,"Eflin, Zach",1615,15.5,0.14,0.134,248,84.7,12.1,2045,89.1,89.91,55,224,26,0.8,6.75,-2.45,2.45
179,199,669060,"Wilson, Bryse",1136,17.5,0.196,0.17,194,84.5,15.2,1944,90.0,90.58,33,190,9,0.6,6.57,-2.47,2.47
180,178,642203,"Widener, Taylor",1216,14.6,0.139,0.123,175,85.7,16.5,2092,89.3,89.84,48,164,14,0.5,6.59,-2.48,2.48
181,191,656427,"Flaherty, Jack",1353,14.1,0.165,0.143,187,87.1,12.1,2304,88.5,88.85,50,170,21,0.4,6.72,-2.5,2.5
182,292,456501,"Cueto, Johnny",1878,15.5,0.159,0.15,283,82.9,12.9,1978,87.6,85.9,72,276,16,-1.7,5.74,-2.51,2.51
183,373,622608,"Senzatela, Antonio",2405,15.5,0.177,0.166,367,86.5,6.4,2088,90.3,90.45,74,355,18,0.1,6.13,-2.55,2.55
184,365,642547,"Peralta, Freddy",2356,15.5,0.099,0.093,363,84.4,23.0,2266,87.6,84.8,126,318,47,-2.8,7.19,-2.55,2.55
185,310,621076,"Kaprielian, James",2024,15.3,0.142,0.121,307,86.4,21.1,1999,89.0,88.54,90,291,19,-0.5,5.97,-2.56,2.56
186,172,670912,"Oviedo, Johan",1086,15.8,0.135,0.129,170,83.7,3.1,2368,89.8,91.44,38,162,10,1.6,7.14,-2.57,2.57
187,291,663978,"Paddack, Chris",1869,15.6,0.18,0.16,282,85.7,6.3,2060,89.6,90.16,73,274,17,0.6,6.75,-2.59,2.59
188,113,650633,"King, Michael",1009,11.2,0.197,0.168,111,86.5,6.1,2331,90.8,90.51,24,105,8,-0.3,6.22,-2.59,2.59
189,462,592332,"Gausman, Kevin",3002,15.4,0.141,0.13,457,85.5,12.1,1953,89.6,89.28,164,434,28,-0.3,6.48,-2.59,2.59
190,84,489334,"Stammen, Craig",1308,6.4,0.132,0.125,83,86.7,1.8,2262,88.6,89.14,21,82,2,0.5,6.68,-2.62,2.62
191,30,670950,"Richards, Trevor",1061,2.8,0.078,0.071,29,87.9,26.4,2242,88.7,89.02,14,29,1,0.3,6.45,-2.63,2.63
192,37,612434,"Castro, Miguel",1228,3.0,0.171,0.168,37,85.2,8.4,2430,91.6,89.84,5,34,3,-1.8,6.61,-2.63,2.63
193,267,666201,"Manoah, Alek",1845,14.5,0.111,0.102,265,84.4,17.4,2258,89.3,89.74,89,250,17,0.4,6.59,-2.65,2.65
194,252,607231,"Gant, John",1975,12.8,0.153,0.146,247,86.6,8.5,2214,86.4,85.68,50,228,24,-0.7,6.28,-2.66,2.66
195,275,605452,"Ross, Joe",1700,16.2,0.131,0.122,270,82.3,9.6,2006,89.8,89.65,72,250,25,-0.2,6.59,-2.76,2.76
196,271,453562,"Arrieta, Jake",1746,15.5,0.161,0.148,262,86.7,5.0,2182,88.3,87.56,51,247,24,-0.7,5.85,-2.77,2.77
197,450,622491,"Castillo, Luis",3164,14.2,0.138,0.136,443,84.6,1.2,2147,92.0,90.49,130,419,31,-1.5,5.55,-2.81,2.81
198,171,656557,"Houck, Tanner",1149,14.9,0.155,0.143,170,84.2,12.0,2222,90.3,88.48,57,154,17,-1.8,6.13,-2.91,2.91
199,312,668678,"Gallen, Zac",2102,14.8,0.144,0.129,307,85.2,13.4,2185,89.4,89.89,89,278,34,0.5,6.66,-3.07,3.07
200,399,458681,"Lynn, Lance",2608,15.3,0.114,0.105,397,86.2,20.1,2383,91.6,91.88,123,367,32,0.3,6.36,-3.09,3.09
201,273,621219,"Mills, Alec",1936,14.1,0.175,0.172,268,84.7,5.3,2144,83.8,83.08,58,256,17,-0.7,6.03,-3.2,3.2
202,451,621244,"Berríos, José",3043,14.8,0.143,0.126,446,85.0,11.8,2145,89.5,88.87,116,404,47,-0.6,6.4,-3.23,3.23
203,417,453286,"Scherzer, Max",2821,14.8,0.113,0.099,414,84.3,20.3,2238,89.2,89.13,167,389,28,-0.1,6.27,-3.27,3.27
204,27,643256,"Cimber, Adam",1022,2.6,0.201,0.175,26,87.2,-6.4,2212,84.9,84.48,5,26,1,-0.4,6.36,-3.59,3.59
